City_ID,City,Country,Date,Lat,Lng,Max Temp,Humidity,Cloudiness,Wind Speed
0,Mataura,NZ,2022-11-18 18:17:22,-46.1927,168.8643,58.48,88,100,8.16
1,Dinajpur,BD,2022-11-18 18:17:04,25.6272,88.6386,67.1,66,13,5.14
2,Saint-Philippe,RE,2022-11-18 18:17:22,-21.3585,55.7679,71.19,70,16,5.46
3,Acapulco,MX,2022-11-18 18:17:14,16.8634,-99.8901,89.42,51,0,5.75
4,Punta Arenas,CL,2022-11-18 18:15:11,-53.15,-70.9167,60.91,33,75,23.02
5,Ulaangom,MN,2022-11-18 18:17:23,49.9811,92.0667,11.35,79,25,4.29
6,Port Blair,IN,2022-11-18 18:17:23,11.6667,92.75,79.83,83,95,8.86
7,Ushuaia,AR,2022-11-18 18:14:53,-54.8,-68.3,62.26,31,40,12.66
8,Tasiilaq,GL,2022-11-18 18:17:24,65.6145,-37.6368,39.36,79,100,25.39
9,Leningradskiy,RU,2022-11-18 18:17:24,69.3833,178.4167,-4.97,96,78,4.25
10,Rikitea,PF,2022-11-18 18:17:25,-23.1203,-134.9692,71.31,69,50,13.15
11,Santos Reyes Nopala,MX,2022-11-18 18:17:25,16.1092,-97.1561,79.97,44,6,4.18
12,Hermanus,ZA,2022-11-18 18:17:25,-34.4187,19.2345,62.8,74,78,12.41
13,Bluff,NZ,2022-11-18 18:17:26,-46.6,168.3333,58.8,91,100,16.08
14,Lebu,CL,2022-11-18 18:17:26,-37.6167,-73.65,61.84,80,30,12.66
15,Bredasdorp,ZA,2022-11-18 18:14:38,-34.5322,20.0403,59.54,73,76,9.22
16,Lichuan,CN,2022-11-18 18:17:26,30.3,108.85,49.14,96,99,1.43
17,The Valley,AI,2022-11-18 18:17:27,18.217,-63.0578,85.86,65,40,13.8
18,Castro,BR,2022-11-18 18:17:27,-24.7911,-50.0119,75.04,35,0,7.27
19,Cape Town,ZA,2022-11-18 18:16:03,-33.9258,18.4232,66.09,60,75,9.22
20,Albany,US,2022-11-18 18:12:37,42.6001,-73.9662,42.46,44,38,4.0
21,Narsaq,GL,2022-11-18 18:17:28,60.9167,-46.05,21.42,86,98,1.01
22,Kapaa,US,2022-11-18 18:14:18,22.0752,-159.319,75.09,91,100,10.36
23,Alice Springs,AU,2022-11-18 18:17:29,-23.7,133.8833,72.95,78,75,17.27
24,Carnarvon,AU,2022-11-18 18:17:29,-24.8667,113.6333,63.12,58,0,18.88
25,Husavik,IS,2022-11-18 18:17:30,66.0449,-17.3389,44.62,82,100,14.18
26,East London,ZA,2022-11-18 18:17:30,-33.0153,27.9116,68.22,88,95,10.63
27,Taoudenni,ML,2022-11-18 18:17:31,22.6783,-3.9836,77.76,12,13,1.32
28,Qorveh,IR,2022-11-18 18:17:31,35.1664,47.8045,41.2,50,0,5.64
29,Quatre Cocos,MU,2022-11-18 18:17:31,-20.2078,57.7625,70.09,70,46,6.02
30,Isaka,TZ,2022-11-18 18:17:32,-3.9,32.9333,69.98,78,100,3.51
31,Talcahuano,CL,2022-11-18 18:17:32,-36.7167,-73.1167,67.68,73,20,19.57
32,Chuy,UY,2022-11-18 18:17:33,-33.6971,-53.4616,76.77,52,41,11.34
33,Provideniya,RU,2022-11-18 18:17:33,64.3833,-173.3,30.47,95,94,5.1
34,Port-Cartier,CA,2022-11-18 18:13:41,50.0334,-66.8654,28.62,80,97,7.18
35,Dikson,RU,2022-11-18 18:17:33,73.5069,80.5464,-4.88,93,100,25.81
36,Pangnirtung,CA,2022-11-18 18:17:34,66.1451,-65.7125,0.55,77,96,6.4
37,Yellowknife,CA,2022-11-18 18:17:34,62.456,-114.3525,21.72,86,100,4.61
38,Busselton,AU,2022-11-18 18:17:34,-33.65,115.3333,53.83,65,99,9.33
39,Skibbereen,IE,2022-11-18 18:17:35,51.55,-9.2667,45.1,82,31,10.27
40,Isabela,PH,2022-11-18 18:17:35,6.7085,121.9711,77.05,87,89,2.28
41,Saskylakh,RU,2022-11-18 18:17:36,71.9167,114.0833,-31.76,97,32,7.16
42,Port Elizabeth,ZA,2022-11-18 18:17:36,-33.918,25.5701,66.09,81,20,11.5
43,Vaini,TO,2022-11-18 18:17:36,-21.2,-175.2,73.56,94,20,3.44
44,Oskaloosa,US,2022-11-18 18:18:37,41.2964,-92.6444,24.78,86,40,14.97
45,Ribeira Grande,PT,2022-11-18 18:18:37,38.5167,-28.7,64.8,59,75,10.36
46,Nuuk,GL,2022-11-18 18:15:20,64.1835,-51.7216,23.61,86,75,13.8
47,Watsa,CD,2022-11-18 18:18:38,3.0372,29.5355,63.9,97,37,1.14
48,Safaga,EG,2022-11-18 18:18:38,26.7292,33.9365,71.38,47,28,15.93
49,Airai,TL,2022-11-18 18:18:39,-8.9266,125.4092,62.13,94,99,0.65
50,Vostok,RU,2022-11-18 18:18:39,46.4856,135.8833,17.98,98,98,2.84
51,Lompoc,US,2022-11-18 18:18:14,34.6391,-120.4579,67.93,70,0,12.66
52,Abnub,EG,2022-11-18 18:18:39,27.2696,31.1511,68.04,41,0,8.63
53,Victoria,HK,2022-11-18 18:18:40,22.2855,114.1577,77.38,81,72,3.0
54,Praya,CV,2022-11-18 18:18:40,14.9215,-23.5087,86.54,39,0,20.71
55,Majene,ID,2022-11-18 18:18:41,-3.5403,118.9707,76.57,88,100,6.04
56,Azangaro,PE,2022-11-18 18:18:41,-14.9167,-70.2167,69.31,7,100,7.63
57,New Norfolk,AU,2022-11-18 18:18:41,-42.7826,147.0587,53.1,72,73,2.46
58,Cockburn Town,TC,2022-11-18 18:18:42,21.4612,-71.1419,84.16,65,40,13.8
59,Sinnamary,GF,2022-11-18 18:18:42,5.3833,-52.95,83.7,67,31,10.63
60,Jinji,CN,2022-11-18 18:18:43,23.2281,110.8261,77.58,66,100,3.11
61,Haines Junction,CA,2022-11-18 18:18:43,60.7522,-137.5108,4.95,85,66,2.3
62,Mount Gambier,AU,2022-11-18 18:18:43,-37.8333,140.7667,55.04,69,68,7.38
63,Tobermory,CA,2022-11-18 18:18:44,45.2501,-81.6665,30.58,71,100,2.89
64,San Policarpo,PH,2022-11-18 18:18:44,12.1791,125.5072,74.12,95,100,4.12
65,Angoche,MZ,2022-11-18 18:18:44,-16.2325,39.9086,79.47,80,0,13.13
66,Meulaboh,ID,2022-11-18 18:18:45,4.1363,96.1285,76.78,88,100,2.91
67,Bulalacao,PH,2022-11-18 18:18:45,12.3254,121.3435,79.43,83,100,17.29
68,Bengkulu,ID,2022-11-18 18:18:45,-3.8004,102.2655,75.52,90,100,7.4
69,Ahipara,NZ,2022-11-18 18:18:46,-35.1667,173.1667,60.98,92,23,13.67
70,Hobart,AU,2022-11-18 18:16:38,-42.8794,147.3294,53.46,87,100,5.75
71,Lagoa,PT,2022-11-18 18:18:46,39.05,-27.9833,62.17,67,84,10.76
72,Paamiut,GL,2022-11-18 18:18:47,61.994,-49.6678,23.27,79,99,4.94
73,Qaqortoq,GL,2022-11-18 18:18:47,60.7167,-46.0333,18.93,86,94,2.75
74,Port Alfred,ZA,2022-11-18 18:18:47,-33.5906,26.891,65.17,94,90,13.29
75,Santa Rosa,PH,2022-11-18 18:18:48,14.3122,121.1114,80.02,82,89,11.25
76,Kihei,US,2022-11-18 18:15:46,20.785,-156.4656,79.84,72,0,0.0
77,Gaomi,CN,2022-11-18 18:18:48,36.3833,119.7528,53.64,74,100,3.8
78,Kavieng,PG,2022-11-18 18:14:58,-2.5744,150.7967,80.71,73,100,8.88
79,Bara,NG,2022-11-18 18:18:49,10.3744,10.7288,80.31,24,16,6.96
80,Ostrovnoy,RU,2022-11-18 18:18:49,68.0531,39.5131,30.07,86,97,4.29
81,Atuona,PF,2022-11-18 18:15:20,-9.8,-139.0333,77.18,74,7,9.22
82,Maumere,ID,2022-11-18 18:18:50,-8.6199,122.2111,81.14,79,100,8.08
83,Leua,SK,2022-11-18 18:18:50,48.2156,18.6071,45.5,86,100,5.91
84,Celestun,MX,2022-11-18 18:18:50,20.8667,-90.4,83.08,61,55,11.16
85,Chinsali,ZM,2022-11-18 18:18:51,-10.5414,32.0816,76.01,42,48,6.71
86,Puri,IN,2022-11-18 18:18:51,19.8,85.85,68.52,58,66,10.69
87,Anchorage,US,2022-11-18 18:16:23,61.2181,-149.9003,33.91,87,0,5.01
88,Floresta,BR,2022-11-18 18:18:51,-8.6011,-38.5686,93.88,25,59,2.55
89,Stephenville Crossing,CA,2022-11-18 18:15:32,48.5,-58.4318,35.73,87,75,23.02
90,Maniitsoq,GL,2022-11-18 18:18:52,65.4167,-52.9,25.48,69,100,8.37
91,Richards Bay,ZA,2022-11-18 18:19:40,-28.783,32.0377,76.5,82,36,6.02
92,Thompson,CA,2022-11-18 18:15:33,55.7435,-97.8558,12.36,67,100,21.85
93,Biloela,AU,2022-11-18 18:19:53,-24.4167,150.5,61.75,87,0,3.51
94,Avarua,CK,2022-11-18 18:15:29,-21.2078,-159.775,77.05,73,40,10.36
95,Mahebourg,MU,2022-11-18 18:19:53,-20.4081,57.7,70.25,78,40,3.44
96,Razdolinsk,RU,2022-11-18 18:19:54,58.4211,94.6658,-11.65,100,98,0.85
97,Bapatla,IN,2022-11-18 18:19:54,15.9,80.4667,72.48,72,51,5.37
98,Teeli,RU,2022-11-18 18:19:54,51.0333,90.2333,0.03,81,79,3.15
99,Neiafu,TO,2022-11-18 18:19:55,-18.65,-173.9833,66.88,100,20,0.0
100,San Patricio,US,2022-11-18 18:19:55,28.017,-97.5169,59.72,61,100,12.06
101,Yumen,CN,2022-11-18 18:19:55,40.2833,97.2,32.58,28,19,4.74
102,Jiazi,CN,2022-11-18 18:19:56,22.8779,116.067,69.93,87,29,11.01
103,Oksfjord,NO,2022-11-18 18:19:56,70.2396,22.3479,37.58,41,66,7.0
104,Cidreira,BR,2022-11-18 18:19:56,-30.1811,-50.2056,72.75,65,47,15.21
105,Hasaki,JP,2022-11-18 18:19:57,35.7333,140.8333,45.0,76,38,7.96
106,Hilo,US,2022-11-18 18:18:40,19.7297,-155.09,77.11,83,75,5.75
107,Hambantota,LK,2022-11-18 18:19:57,6.1241,81.1185,78.06,80,89,5.21
108,Tamale,GH,2022-11-18 18:19:58,9.4008,-0.8393,85.64,27,8,4.52
109,Puerto Ayora,EC,2022-11-18 18:16:09,-0.7393,-90.3518,78.76,73,54,12.1
110,Kapit,MY,2022-11-18 18:19:58,2.0167,112.9333,73.15,100,100,1.03
111,Bugulma,RU,2022-11-18 18:19:58,54.55,52.8,27.37,97,100,10.07
112,Butaritari,KI,2022-11-18 18:19:59,3.0707,172.7902,80.96,75,12,20.24
113,Hamilton,US,2022-11-18 18:15:57,39.1834,-84.5333,34.99,51,75,19.57
114,Abha,SA,2022-11-18 18:20:00,18.2164,42.5053,60.62,88,36,3.44
115,Fuerte Olimpo,PY,2022-11-18 18:20:00,-21.0415,-57.8738,104.56,12,0,2.82
116,Cherskiy,RU,2022-11-18 18:20:00,68.75,161.3,-36.76,100,23,4.14
117,Kamenka,RU,2022-11-18 18:20:01,51.3223,42.7678,29.37,85,100,14.07
118,Kurilsk,RU,2022-11-18 18:20:01,45.2333,147.8833,36.73,82,100,2.8
119,Bosaso,SO,2022-11-18 18:20:02,11.2842,49.1816,78.78,69,11,4.07
120,Bambous Virieux,MU,2022-11-18 18:20:02,-20.3428,57.7575,70.21,78,40,3.44
121,Presidente Medici,BR,2022-11-18 18:20:02,-11.1753,-61.9014,91.33,51,98,3.27
122,Praia,CV,2022-11-18 18:15:16,14.9215,-23.5087,86.54,39,0,20.71
123,Beringovskiy,RU,2022-11-18 18:20:03,63.05,179.3167,13.82,83,98,4.07
124,Hirara,JP,2022-11-18 18:20:03,24.8,125.2833,77.2,76,2,5.68
125,Korla,CN,2022-11-18 18:20:04,41.7597,86.1469,34.88,33,15,3.33
126,Camalu,MX,2022-11-18 18:20:04,30.85,-116.0667,63.37,40,0,3.89
127,Faanui,PF,2022-11-18 18:20:05,-16.4833,-151.75,80.06,75,80,11.88
128,Millville,US,2022-11-18 18:20:05,39.4021,-75.0393,46.45,40,0,8.05
129,Nouadhibou,MR,2022-11-18 18:20:06,20.931,-17.0347,75.18,57,0,14.97
130,Pevek,RU,2022-11-18 18:20:06,69.7008,170.3133,-21.55,100,82,5.03
131,Sawakin,SD,2022-11-18 18:20:06,19.1059,37.3321,83.21,69,4,9.04
132,Bikin,RU,2022-11-18 18:20:07,46.8161,134.26,21.94,98,79,0.38
133,Dolores,AR,2022-11-18 18:20:07,-36.3132,-57.6792,83.1,40,100,14.58
134,Khatanga,RU,2022-11-18 18:15:10,71.9667,102.5,-23.87,91,87,6.26
135,Chicama,PE,2022-11-18 18:17:21,-7.8447,-79.1469,64.94,60,81,10.02
136,Kirakira,SB,2022-11-18 18:21:08,-10.4544,161.9205,78.13,79,43,2.08
137,Lata,PT,2022-11-18 18:21:08,40.1629,-8.3327,56.8,86,34,5.79
138,Taksimo,RU,2022-11-18 18:21:09,56.3444,114.8794,5.86,90,91,4.07
139,Kahului,US,2022-11-18 18:21:09,20.8947,-156.47,81.84,72,0,5.99
140,Channel-Port Aux Basques,CA,2022-11-18 18:21:09,47.5702,-59.1367,35.89,74,100,29.55
141,Kholodnyy,RU,2022-11-18 18:21:10,62.7167,147.95,-33.88,100,72,1.3
142,Lazurne,UA,2022-11-18 18:21:10,46.084,32.5295,50.7,84,100,17.29
143,Naifaru,MV,2022-11-18 18:21:11,5.4444,73.3657,81.91,74,100,6.87
144,Petropavlovsk-Kamchatskiy,RU,2022-11-18 18:18:08,53.0452,158.6483,9.19,67,0,11.18
145,Longyearbyen,SJ,2022-11-18 18:21:11,78.2186,15.6401,40.84,75,75,24.16
146,Salalah,OM,2022-11-18 18:21:11,17.0151,54.0924,80.69,69,40,5.75
147,Upernavik,GL,2022-11-18 18:18:18,72.7868,-56.1549,7.32,90,49,14.61
148,Guerrero Negro,MX,2022-11-18 18:21:12,27.9769,-114.0611,68.68,38,1,8.12
149,Nanortalik,GL,2022-11-18 18:21:12,60.1432,-45.2371,27.27,88,99,5.99
150,Igrim,RU,2022-11-18 18:21:13,63.1906,64.4162,15.67,77,80,12.5
151,Tual,ID,2022-11-18 18:21:13,-5.6667,132.75,84.54,71,100,7.4
152,Qaanaaq,GL,2022-11-18 18:21:13,77.484,-69.3632,-7.46,56,83,7.58
153,Tuktoyaktuk,CA,2022-11-18 18:21:14,69.4541,-133.0374,19.4,79,75,6.91
154,Kerema,PG,2022-11-18 18:21:14,-7.9631,145.7785,78.33,88,100,3.02
155,Kodiak,US,2022-11-18 18:21:15,57.79,-152.4072,38.71,93,0,4.61
156,Orbetello,IT,2022-11-18 18:21:15,42.4408,11.2196,57.22,69,50,8.88
157,Mar Del Plata,AR,2022-11-18 18:17:38,-38.0023,-57.5575,68.02,91,0,18.41
158,Phan Thiet,VN,2022-11-18 18:21:16,10.9333,108.1,76.51,88,100,5.97
159,Cap-Chat,CA,2022-11-18 18:21:16,49.1001,-66.6821,28.4,74,100,25.32
160,Lac Du Bonnet,CA,2022-11-18 18:21:16,50.2536,-96.0612,13.19,89,100,11.81
161,Shingu,JP,2022-11-18 18:21:17,33.7333,135.9833,49.62,65,0,5.57
162,Vardo,NO,2022-11-18 18:17:39,70.3705,31.1107,33.78,86,20,27.63
163,Bafq,IR,2022-11-18 18:21:17,31.6128,55.4107,63.77,45,98,2.06
164,Ginir,ET,2022-11-18 18:21:18,7.1333,40.7,58.33,71,20,3.09
165,Maine-Soroa,NE,2022-11-18 18:21:18,13.2114,12.0241,78.04,21,3,9.91
166,Ilulissat,GL,2022-11-18 18:21:18,69.2167,-51.1,4.57,88,89,4.47
167,Lazi,UA,2022-11-18 18:21:19,48.0667,24.2333,41.74,99,100,2.08
168,Dongsheng,CN,2022-11-18 18:21:19,39.8161,109.9776,32.7,49,0,11.25
169,Rio Grande,BR,2022-11-18 18:21:19,-32.035,-52.0986,89.71,59,10,13.04
170,Pavlodar,KZ,2022-11-18 18:16:56,52.3,76.95,1.2,78,0,4.47
171,Sangar,RU,2022-11-18 18:21:20,63.9242,127.4739,-21.46,99,100,1.59
172,Georgetown,MY,2022-11-18 18:19:52,5.4112,100.3354,80.53,89,20,2.3
173,Susuman,RU,2022-11-18 18:21:20,62.7833,148.1667,-35.07,100,81,1.66
174,Lavrentiya,RU,2022-11-18 18:21:21,65.5833,-171.0,26.1,96,69,2.57
175,Bethel,US,2022-11-18 18:21:21,41.3712,-73.414,43.47,45,20,12.66
176,Benguela,AO,2022-11-18 18:21:21,-12.5763,13.4055,77.76,70,16,4.5
177,Pringsewu,ID,2022-11-18 18:21:22,-5.3582,104.9744,72.77,97,100,3.69
178,Katsuura,JP,2022-11-18 18:21:22,35.1333,140.3,58.42,75,9,7.27
179,Chapais,CA,2022-11-18 18:21:23,49.7834,-74.8492,15.58,81,100,8.37
180,Enderby,GB,2022-11-18 18:21:23,52.5878,-1.2062,48.4,88,82,11.12
181,Saint Anthony,US,2022-11-18 18:21:23,45.0205,-93.218,21.29,71,40,14.97
182,Muros,ES,2022-11-18 18:17:53,42.7762,-9.0603,52.09,90,78,13.71
183,Kaitangata,NZ,2022-11-18 18:21:24,-46.2817,169.8464,54.07,96,100,11.18
184,Bathsheba,BB,2022-11-18 18:22:24,13.2167,-59.5167,86.61,70,75,20.71
185,Myra,IT,2022-11-18 18:22:25,45.4358,12.1348,54.03,87,12,1.14
186,Xuddur,SO,2022-11-18 18:22:25,4.1213,43.8894,79.5,54,54,11.18
187,Vanderhoof,CA,2022-11-18 18:22:26,54.0166,-124.0198,10.06,87,90,1.48
188,Grindavik,IS,2022-11-18 18:22:26,63.8424,-22.4338,41.47,81,40,12.66
189,Jamestown,US,2022-11-18 18:20:10,42.097,-79.2353,33.39,57,100,23.02
190,Sitka,US,2022-11-18 18:17:45,57.0531,-135.33,37.29,75,0,0.0
191,Samarai,PG,2022-11-18 18:22:26,-10.6167,150.6667,82.29,80,90,12.15
192,Port Said,EG,2022-11-18 18:22:27,31.2565,32.2841,67.98,64,0,4.61
193,Makokou,GA,2022-11-18 18:22:27,0.5738,12.8642,72.48,82,56,2.91
194,Rosarito,MX,2022-11-18 18:22:28,32.3333,-117.0333,71.42,54,2,4.05
195,Plettenberg Bay,ZA,2022-11-18 18:22:28,-34.0527,23.3716,59.25,80,94,5.95
196,Arica,CL,2022-11-18 18:22:28,-18.475,-70.3042,76.55,64,0,13.8
197,Kloulklubed,PW,2022-11-18 18:22:29,7.0419,134.2556,77.5,76,100,13.22
198,Karangasem,ID,2022-11-18 18:22:29,-8.45,115.6167,77.25,81,100,0.16
199,Yilan,TW,2022-11-18 18:22:30,24.757,121.753,77.02,94,100,0.67
200,Norman Wells,CA,2022-11-18 18:22:30,65.282,-126.8329,-3.96,84,20,3.44
201,Comodoro Rivadavia,AR,2022-11-18 18:22:30,-45.8667,-67.5,78.66,22,0,20.71
202,Sobolevo,RU,2022-11-18 18:22:31,54.4299,31.8996,22.91,73,95,4.29
203,Esperance,AU,2022-11-18 18:22:31,-33.8667,121.9,54.48,64,99,23.89
204,Tezu,IN,2022-11-18 18:22:31,27.9167,96.1667,61.32,40,0,4.74
205,Luis Correia,BR,2022-11-18 18:22:32,-2.8792,-41.6669,87.8,66,20,18.41
206,Terrace,CA,2022-11-18 18:22:32,54.5163,-128.6035,22.91,68,75,17.27
207,Vangaindrano,MG,2022-11-18 18:22:32,-23.35,47.6,74.05,93,36,6.73
208,Bloomfield,US,2022-11-18 18:19:50,40.8068,-74.1854,45.86,41,40,18.41
209,Sao Filipe,CV,2022-11-18 18:22:33,14.8961,-24.4956,81.64,59,100,9.66
210,Praia Da Vitoria,PT,2022-11-18 18:22:33,38.7333,-27.0667,62.85,72,75,2.35
211,Luganville,VU,2022-11-18 18:22:34,-15.5333,167.1667,77.97,84,6,2.15
212,Kaeo,NZ,2022-11-18 18:22:34,-35.1,173.7833,58.32,96,18,12.66
213,Klaksvik,FO,2022-11-18 18:22:34,62.2266,-6.589,47.32,84,99,33.11
214,Fare,PF,2022-11-18 18:22:35,-16.7,-151.0167,78.53,79,84,10.85
215,Wanxian,CN,2022-11-18 18:22:35,30.8039,108.3897,61.39,80,100,1.57
216,Illapel,CL,2022-11-18 18:22:36,-31.6308,-71.1653,82.74,39,0,9.66
217,Sarakhs,IR,2022-11-18 18:22:36,36.5449,61.1577,56.71,48,50,4.92
218,Brae,GB,2022-11-18 18:22:36,60.3964,-1.353,46.89,74,100,29.08
219,Poplar Bluff,US,2022-11-18 18:18:14,36.757,-90.3929,38.98,36,100,10.36
220,Nador,MA,2022-11-18 18:22:37,35.174,-2.9287,62.85,67,20,18.41
221,Yulara,AU,2022-11-18 18:22:37,-25.2406,130.9889,78.26,23,0,18.23
222,Peleduy,RU,2022-11-18 18:22:37,59.6289,112.7406,-21.21,100,78,3.24
223,Iqaluit,CA,2022-11-18 18:20:37,63.7506,-68.5145,17.33,86,100,12.66
224,Namibe,AO,2022-11-18 18:22:38,-15.1961,12.1522,72.28,78,24,7.14
225,Ugoofaaru,MV,2022-11-18 18:22:38,5.6667,73.0,82.11,74,100,5.79
226,Severo-Kurilsk,RU,2022-11-18 18:22:39,50.6789,156.125,33.1,65,88,17.54
227,Bondo,CD,2022-11-18 18:22:39,3.8146,23.6866,70.47,90,95,3.33
228,Kinango,KE,2022-11-18 18:22:39,-4.1372,39.3153,78.91,93,64,3.6
229,Eloy,US,2022-11-18 18:22:40,32.7559,-111.5548,67.86,34,52,3.06
230,Lovington,US,2022-11-18 18:22:40,32.944,-103.3485,34.65,61,100,3.0
231,San Rafael,AR,2022-11-18 18:23:40,-34.6177,-68.3301,83.48,36,9,15.55
232,Constitucion,CL,2022-11-18 18:23:41,-35.3333,-72.4167,68.23,66,19,19.82
233,Wairoa,NZ,2022-11-18 18:23:41,-39.0333,177.3667,62.55,80,21,7.23
234,Alamosa,US,2022-11-18 18:23:41,37.4695,-105.87,26.58,59,0,5.75
235,Bubaque,GW,2022-11-18 18:23:42,11.2833,-15.8333,83.68,63,100,7.31
236,Chokurdakh,RU,2022-11-18 18:23:42,70.6333,147.9167,-5.26,98,100,6.93
237,Port-Gentil,GA,2022-11-18 18:23:43,-0.7193,8.7815,80.56,78,20,8.05
238,Cururupu,BR,2022-11-18 18:23:43,-1.8283,-44.8683,86.27,56,93,6.89
239,Yambio,SS,2022-11-18 18:23:43,4.5721,28.3955,72.01,79,79,6.02
240,Acajutla,SV,2022-11-18 18:23:44,13.5928,-89.8275,87.15,55,2,4.61
241,Ponta Do Sol,PT,2022-11-18 18:23:44,32.6667,-17.1,66.83,51,12,10.87
242,Kieta,PG,2022-11-18 18:23:44,-6.2167,155.6333,78.75,86,100,2.84
243,Adrar,MR,2022-11-18 18:21:56,20.5022,-10.0711,75.69,11,0,9.1
244,Glendive,US,2022-11-18 18:23:13,47.1053,-104.7125,19.76,57,0,17.27
245,Barrow,US,2022-11-18 18:21:50,71.2906,-156.7887,33.82,80,75,27.63
246,Itoman,JP,2022-11-18 18:23:45,26.1247,127.6694,75.22,88,20,5.75
247,Srednekolymsk,RU,2022-11-18 18:23:46,67.45,153.6833,-11.54,97,98,9.8
248,West Wendover,US,2022-11-18 18:23:46,40.7391,-114.0733,33.01,29,0,6.91
249,Katherine,AU,2022-11-18 18:23:46,-14.4667,132.2667,80.92,74,95,4.61
250,Sorong,ID,2022-11-18 18:23:43,-0.8833,131.25,81.48,82,100,12.37
251,Buchanan,LR,2022-11-18 18:23:47,5.8808,-10.0467,80.71,77,18,7.61
252,Kawambwa,ZM,2022-11-18 18:23:47,-9.7915,29.0791,65.55,87,51,2.04
253,Barrhead,GB,2022-11-18 18:23:47,55.7992,-4.3929,47.01,85,100,10.36
254,Tartagal,AR,2022-11-18 18:23:48,-22.5164,-63.8013,102.85,15,0,9.28
255,Tocopilla,CL,2022-11-18 18:23:48,-22.092,-70.1979,69.49,66,12,5.17
256,Surgut,RU,2022-11-18 18:23:33,61.25,73.4167,5.18,77,75,13.42
257,Evensk,RU,2022-11-18 18:23:49,61.95,159.2333,-4.22,77,94,10.96
258,Marsh Harbour,BS,2022-11-18 18:23:49,26.5412,-77.0636,74.97,71,100,16.11
259,Luderitz,NA,2022-11-18 18:23:49,-26.6481,15.1594,63.57,65,53,25.01
260,Henties Bay,NA,2022-11-18 18:23:50,-22.116,14.2845,61.88,79,84,6.78
261,Nome,US,2022-11-18 18:23:50,64.5011,-165.4064,33.87,93,100,6.91
262,Kuybyshevo,RU,2022-11-18 18:23:50,47.8123,38.9073,38.41,77,66,2.26
263,Yakima,US,2022-11-18 18:23:51,46.4665,-120.6678,35.98,56,0,5.75
264,Phek,IN,2022-11-18 18:23:51,25.6667,94.5,40.68,92,34,1.83
265,Nikolskoye,RU,2022-11-18 18:23:52,59.7035,30.7861,28.29,62,22,9.19
266,Mildura,AU,2022-11-18 18:23:52,-34.2,142.15,63.07,59,28,15.32
267,Avera,US,2022-11-18 18:23:52,33.194,-82.5271,55.54,34,0,1.52
268,Anadyr,RU,2022-11-18 18:23:53,64.75,177.4833,-8.9,83,20,8.95
269,Kormilovka,RU,2022-11-18 18:23:53,55.0026,74.1028,2.68,97,7,5.86
270,Townsville,AU,2022-11-18 18:23:53,-19.25,146.8,79.68,78,40,8.57
271,Saldanha,ZA,2022-11-18 18:23:54,-33.0117,17.9442,62.65,76,95,10.54
272,Nizwa,OM,2022-11-18 18:23:54,22.9333,57.5333,76.19,44,2,2.98
273,Deputatskiy,RU,2022-11-18 18:23:54,69.3,139.9,-10.1,91,98,4.0
274,Yeppoon,AU,2022-11-18 18:23:55,-23.1333,150.7333,69.58,79,15,8.88
275,Newport,GB,2022-11-18 18:22:41,51.5877,-2.9984,47.82,81,35,8.88
276,Port Hardy,CA,2022-11-18 18:24:55,50.6996,-127.4199,35.78,87,20,0.0
277,Nortelandia,BR,2022-11-18 18:24:56,-14.4547,-56.8028,102.56,11,18,4.97
278,Anqing,CN,2022-11-18 18:24:56,30.5092,117.0506,60.93,86,100,2.26
279,Clyde River,CA,2022-11-18 18:24:56,70.4692,-68.5914,-0.17,78,100,8.05
280,Hithadhoo,MV,2022-11-18 18:24:57,-0.6,73.0833,81.21,79,52,12.71
281,Itarema,BR,2022-11-18 18:24:57,-2.9248,-39.9167,85.37,58,43,15.95
282,Kashi,CN,2022-11-18 18:24:58,39.4547,75.9797,40.21,33,99,8.95
283,Saint-Pierre,RE,2022-11-18 18:24:58,-21.3393,55.4781,71.91,60,0,5.75
284,Codajas,BR,2022-11-18 18:24:58,-3.8367,-62.0569,88.66,59,100,4.5
285,Tateyama,JP,2022-11-18 18:24:59,34.9833,139.8667,61.7,64,8,6.96
286,Yorosso,ML,2022-11-18 18:24:59,12.3536,-4.7761,81.0,16,78,5.99
287,Xining,CN,2022-11-18 18:25:00,36.6167,101.7667,33.15,52,0,0.98
288,College,US,2022-11-18 18:25:00,64.8569,-147.8028,9.59,81,20,3.44
289,Juneau,US,2022-11-18 18:25:00,58.3019,-134.4197,30.22,100,20,0.0
290,Pisco,PE,2022-11-18 18:25:01,-13.7,-76.2167,71.65,60,0,6.91
291,Sokoni,TZ,2022-11-18 18:25:01,-6.4333,39.55,80.46,83,68,11.79
292,Porto Novo,BJ,2022-11-18 18:25:01,6.4965,2.6036,80.1,74,50,7.38
293,Marsala,IT,2022-11-18 18:25:02,37.7966,12.4352,67.95,88,40,12.66
294,Tiksi,RU,2022-11-18 18:25:02,71.6872,128.8694,-11.85,90,100,5.14
295,Tagusao,PH,2022-11-18 18:25:03,9.1924,117.8141,78.49,88,99,7.31
296,Yenagoa,NG,2022-11-18 18:25:03,4.9247,6.2642,79.02,82,90,6.31
297,Carupano,VE,2022-11-18 18:25:03,10.6678,-63.2585,80.96,81,21,11.43
298,Soloneshnoye,RU,2022-11-18 18:25:04,51.6544,84.3197,10.96,90,58,4.41
299,Luanda,AO,2022-11-18 18:20:04,-8.8368,13.2343,78.8,73,20,8.05
300,Olkhovatka,RU,2022-11-18 18:25:04,50.2831,39.2872,10.9,97,26,3.04
301,Kalulushi,ZM,2022-11-18 18:25:05,-12.8378,28.0919,71.24,53,74,1.41
302,Roebourne,AU,2022-11-18 18:25:05,-20.7833,117.1333,74.95,31,12,12.53
303,Los Llanos De Aridane,ES,2022-11-18 18:25:06,28.6585,-17.9182,69.55,87,40,14.97
304,Tyrma,RU,2022-11-18 18:25:06,50.0833,132.1667,11.98,99,76,0.89
305,Arenapolis,BR,2022-11-18 18:25:06,-14.4503,-56.8461,102.45,11,20,5.23
306,Atar,MR,2022-11-18 18:25:07,20.5169,-13.0499,82.47,11,0,11.61
307,Kodinsk,RU,2022-11-18 18:25:07,58.6881,99.1844,-3.35,97,94,3.18
308,Kuruman,ZA,2022-11-18 18:25:08,-27.4524,23.4325,77.99,12,62,14.56
309,Codrington,AU,2022-11-18 18:25:08,-38.2667,141.9667,55.18,73,59,9.66
310,Vanimo,PG,2022-11-18 18:25:08,-2.6741,141.3028,79.03,84,100,2.62
311,Paka,MY,2022-11-18 18:25:09,4.6374,103.4368,78.73,94,100,1.14
312,Moron,AR,2022-11-18 18:25:09,-34.6534,-58.6198,91.94,45,98,9.31
313,Cabedelo,BR,2022-11-18 18:24:35,-6.9811,-34.8339,84.87,63,55,9.44
314,Denpasar,ID,2022-11-18 18:22:04,-8.65,115.2167,78.46,88,40,5.75
315,Phulabani,IN,2022-11-18 18:25:10,20.4667,84.2333,60.55,64,2,1.48
316,Medea,DZ,2022-11-18 18:25:10,36.2642,2.7539,52.61,92,85,6.93
317,Arraial Do Cabo,BR,2022-11-18 18:25:10,-22.9661,-42.0278,78.76,57,0,14.97
318,Mezen,RU,2022-11-18 18:25:11,65.8522,44.24,20.93,97,51,2.3
319,Cap Malheureux,MU,2022-11-18 18:25:11,-19.9842,57.6142,69.48,66,65,3.0
320,Gushikawa,JP,2022-11-18 18:25:12,26.3544,127.8686,74.43,94,20,0.0
321,Tottori,JP,2022-11-18 18:25:12,35.5,134.2333,51.39,76,0,4.59
322,Fortuna,US,2022-11-18 18:25:12,40.5982,-124.1573,49.93,95,0,0.0
323,Nova Olimpia,BR,2022-11-18 18:26:13,-14.7972,-57.2881,103.46,9,16,6.98
324,Bulgan,MN,2022-11-18 18:26:13,48.8125,103.5347,12.67,76,99,1.79
325,Laguna,US,2022-11-18 18:26:13,38.421,-121.4238,62.29,63,0,9.22
326,Torbay,CA,2022-11-18 18:26:14,47.6666,-52.7314,41.27,93,75,17.27
327,Waitati,NZ,2022-11-18 18:26:14,-45.75,170.5667,54.81,99,100,7.63
328,Myanaung,MM,2022-11-18 18:26:15,18.2833,95.3167,74.89,58,100,7.38
329,San Cristobal,VE,2022-11-18 18:26:15,7.7669,-72.225,71.78,70,96,5.55
330,Gohana,IN,2022-11-18 18:26:16,29.1333,76.7,64.67,29,66,2.57
331,Kavaratti,IN,2022-11-18 18:26:16,10.5669,72.642,82.13,60,61,5.79
332,Ancud,CL,2022-11-18 18:26:16,-41.8697,-73.8203,56.98,62,34,9.44
333,Taldan,RU,2022-11-18 18:26:17,53.6667,124.8,14.56,93,100,9.31
334,Namanga,KE,2022-11-18 18:26:17,-2.5433,36.7905,68.54,76,54,9.98
335,Manzhouli,CN,2022-11-18 18:26:18,49.6,117.4333,21.99,97,100,4.23
336,Cacheu,GW,2022-11-18 18:26:18,12.2706,-16.1658,86.09,30,100,4.41
337,Rawson,AR,2022-11-18 18:26:18,-43.3002,-65.1023,70.0,44,17,11.95
338,Taicheng,CN,2022-11-18 18:26:19,38.731,113.228,40.39,73,82,2.8
339,Vancouver,CA,2022-11-18 18:21:31,49.2497,-123.1193,43.29,66,0,5.75
340,Broome,US,2022-11-18 18:26:19,42.2506,-75.833,38.7,56,100,14.97
341,Gunnedah,AU,2022-11-18 18:26:20,-30.9833,150.25,55.8,60,52,3.29
342,Washougal,US,2022-11-18 18:23:25,45.5826,-122.3534,46.83,39,0,32.99
343,Buraydah,SA,2022-11-18 18:24:22,26.326,43.975,64.85,70,100,14.7
344,Les Cayes,HT,2022-11-18 18:26:20,18.2,-73.75,84.97,63,79,10.78
345,Saint-Leu,RE,2022-11-18 18:26:21,-21.15,55.2833,71.31,69,6,4.76
346,Olafsvik,IS,2022-11-18 18:26:21,64.8945,-23.7142,43.16,73,8,21.99
347,Algeciras,ES,2022-11-18 18:26:22,36.1333,-5.4505,62.28,55,20,13.8
348,Jatara,IN,2022-11-18 18:26:22,25.0167,79.05,62.37,42,0,0.98
349,Sibolga,ID,2022-11-18 18:26:22,1.7427,98.7792,75.18,89,98,2.62
350,Kirkwall,GB,2022-11-18 18:26:23,58.9848,-2.9587,50.05,76,100,31.07
351,Xuanzhou,CN,2022-11-18 18:26:23,30.9525,118.7553,61.27,98,100,3.24
352,Touros,BR,2022-11-18 18:21:58,-5.1989,-35.4608,83.55,58,39,11.7
353,Laukaa,RU,2022-11-18 18:26:24,58.7372,29.8453,23.18,91,100,9.04
354,Otradnoye,RU,2022-11-18 18:26:24,59.7775,30.8181,28.45,62,11,9.57
355,Diego De Almagro,CL,2022-11-18 18:26:25,-26.3667,-70.05,82.26,27,4,13.49
356,Kemijarvi,FI,2022-11-18 18:26:25,66.7131,27.4306,20.86,97,63,1.79
357,Viesca,MX,2022-11-18 18:26:25,25.35,-102.8,66.15,47,62,2.89
358,Villagarzon,CO,2022-11-18 18:26:26,1.0375,-76.6267,85.75,58,94,4.41
359,Sragen,ID,2022-11-18 18:26:26,-7.4264,111.0222,74.64,95,100,4.97
360,Tautira,PF,2022-11-18 18:26:27,-17.7333,-149.15,75.87,88,95,9.28
361,Demyanovo,RU,2022-11-18 18:26:27,60.3511,47.0842,13.44,91,9,4.45
362,Balkhash,KZ,2022-11-18 18:26:27,46.844,74.9804,28.83,75,100,12.88
363,Liberty,US,2022-11-18 18:26:28,31.8335,-81.5004,58.26,39,0,6.91
364,Broken Hill,AU,2022-11-18 18:24:25,-31.95,141.4333,69.89,27,25,21.77
365,Lexington,US,2022-11-18 18:26:24,37.9887,-84.4777,36.41,52,0,17.27
366,Zenzeli,RU,2022-11-18 18:26:28,45.9241,47.0474,51.39,81,100,7.7
367,Nola,IT,2022-11-18 18:27:29,40.922,14.5329,64.26,86,29,7.85
368,Soto La Marina,MX,2022-11-18 18:27:29,23.7667,-98.2167,57.9,90,100,7.52
369,Paris,FR,2022-11-18 18:26:22,48.8534,2.3488,49.14,88,100,4.61
370,Mmathubudukwane,BW,2022-11-18 18:27:30,-24.6,26.4333,86.61,27,72,4.59
371,Saint George,US,2022-11-18 18:27:30,37.1041,-113.5841,50.43,40,0,1.99
372,Geraldton,AU,2022-11-18 18:27:30,-28.7667,114.6,59.41,63,100,9.22
373,Houma,US,2022-11-18 18:27:30,29.5958,-90.7195,55.4,47,0,14.97
374,Yar-Sale,RU,2022-11-18 18:27:31,66.8333,70.8333,-4.38,87,100,21.63
375,Alofi,NU,2022-11-18 18:27:31,-19.0595,-169.9187,73.29,100,40,3.44
376,Cabo San Lucas,MX,2022-11-18 18:26:23,22.8909,-109.9124,80.91,50,0,9.22
377,Telimele,GN,2022-11-18 18:27:32,10.9167,-13.3333,76.77,51,100,2.51
378,Adeje,ES,2022-11-18 18:27:32,28.1227,-16.726,72.57,81,20,16.11
379,Pitimbu,BR,2022-11-18 18:27:32,-7.4706,-34.8086,84.79,64,73,9.37
380,San Juan,AR,2022-11-18 18:25:51,-31.5375,-68.5364,94.66,23,0,13.67
381,Pionerskiy,RU,2022-11-18 18:27:33,54.9508,20.2275,29.75,65,95,16.46
382,La Libertad,EC,2022-11-18 18:27:33,-2.2333,-80.9,76.66,78,0,9.22
383,Port Hope,US,2022-11-18 18:27:34,43.9408,-82.7127,30.81,86,97,11.5
384,Tuatapere,NZ,2022-11-18 18:27:34,-46.1333,167.6833,53.64,94,100,3.6
385,Zhigansk,RU,2022-11-18 18:27:34,66.7697,123.3711,-26.12,98,30,13.29
386,Vestmannaeyjar,IS,2022-11-18 18:27:35,63.4427,-20.2734,45.59,70,40,17.27
387,Perth,AU,2022-11-18 18:23:38,-31.9333,115.8333,53.35,91,0,6.91
388,Sur,OM,2022-11-18 18:27:35,22.5667,59.5289,77.72,62,0,8.08
389,Mbini,GQ,2022-11-18 18:27:36,1.574,9.6134,78.73,84,94,4.74
390,Bunol,ES,2022-11-18 18:27:36,39.4167,-0.7833,58.17,51,99,9.46
391,Souillac,MU,2022-11-18 18:27:36,-20.5167,57.5167,70.18,78,40,3.44
392,Tilichiki,RU,2022-11-18 18:27:37,60.4667,166.1,5.05,87,70,3.76
393,Eston,CA,2022-11-18 18:27:37,51.1501,-108.7514,14.92,76,98,18.5
394,Labuhan,ID,2022-11-18 18:27:38,-6.8844,112.2051,78.35,86,100,4.94
395,Valencia,ES,2022-11-18 18:27:38,39.3333,-0.8333,58.03,61,98,12.44
396,Kandalaksha,RU,2022-11-18 18:27:38,67.162,32.4123,26.1,89,94,0.92
397,Gap,FR,2022-11-18 18:27:39,44.6667,6.0,28.83,74,86,6.17
398,Mayumba,GA,2022-11-18 18:27:39,-3.432,10.6554,77.47,85,85,8.19
399,Bela Vista Do Paraiso,BR,2022-11-18 18:27:39,-22.9967,-51.1906,87.04,25,0,6.06
400,Morondava,MG,2022-11-18 18:27:40,-20.2833,44.2833,80.04,72,1,10.78
401,Chlorakas,CY,2022-11-18 18:27:40,34.8042,32.4083,63.48,72,40,6.91
402,Antalaha,MG,2022-11-18 18:27:40,-14.9003,50.2788,75.06,83,52,2.21
403,Vao,NC,2022-11-18 18:27:41,-22.6667,167.4833,72.57,73,100,12.15
404,Berlevag,NO,2022-11-18 18:23:08,70.8578,29.0864,37.4,74,53,20.71
405,Ikire,NG,2022-11-18 18:27:41,7.35,4.1833,78.84,71,56,4.21
406,Portland,US,2022-11-18 18:27:28,45.5234,-122.6762,46.98,38,0,17.27
407,San Ignacio,BZ,2022-11-18 18:27:42,17.1561,-89.0714,83.71,64,57,4.56
408,Jiayuguan,CN,2022-11-18 18:27:42,39.8167,98.3,30.13,32,9,0.29
409,Carballo,ES,2022-11-18 18:27:42,43.213,-8.691,55.09,87,47,6.11
410,Lichinga,MZ,2022-11-18 18:23:00,-13.3128,35.2406,68.65,64,61,6.13
411,Aden,YE,2022-11-18 18:27:43,12.7794,45.0367,79.79,66,3,10.63
412,Vitim,RU,2022-11-18 18:28:43,59.4511,112.5578,-18.4,100,57,3.85
413,Makakilo City,US,2022-11-18 18:28:44,21.3469,-158.0858,79.61,76,0,3.44
414,Ambunti,PG,2022-11-18 18:28:44,-4.2365,142.8448,74.3,99,100,2.44
415,Cam Ranh,VN,2022-11-18 18:28:44,11.9214,109.1591,80.56,74,40,10.36
416,Oussouye,SN,2022-11-18 18:28:45,12.485,-16.5469,87.89,29,100,4.25
417,Erzurum,TR,2022-11-18 18:28:45,40.0,41.5,40.68,77,70,3.96
418,Kropotkin,RU,2022-11-18 18:28:45,45.4375,40.5756,50.41,77,100,4.79
419,Culebra,PR,2022-11-18 18:28:46,18.303,-65.301,86.09,81,13,14.0
420,Kampene,CD,2022-11-18 18:28:46,-3.6,26.6667,66.78,97,91,2.33
421,Mugur-Aksy,RU,2022-11-18 18:28:46,50.35,90.5,-2.58,82,13,4.56
422,Sandnessjoen,NO,2022-11-18 18:24:35,66.0217,12.6316,48.42,23,0,12.66
423,Challans,FR,2022-11-18 18:28:47,46.8436,-1.8749,46.6,77,24,9.26
424,Wicklow,IE,2022-11-18 18:28:47,53.0,-6.4167,40.08,86,27,4.72
425,Mudgee,AU,2022-11-18 18:28:48,-32.5943,149.5871,48.61,95,78,4.03
426,Hami,CN,2022-11-18 18:28:48,42.8,93.45,35.2,50,94,5.17
427,Zhezkazgan,KZ,2022-11-18 18:28:48,47.8043,67.7144,21.18,93,0,13.42
428,Oistins,BB,2022-11-18 18:28:49,13.0667,-59.5333,86.09,70,75,20.71
429,Ikryanoye,RU,2022-11-18 18:28:49,46.0932,47.7308,44.58,89,100,8.95
430,Ulaanbaatar,MN,2022-11-18 18:28:50,47.9077,106.8832,10.53,79,100,15.66
431,Kutum,SD,2022-11-18 18:25:04,14.2,24.6667,68.58,19,5,10.69
432,Jumla,NP,2022-11-18 18:28:50,29.2747,82.1838,41.34,39,0,5.41
433,Bilma,NE,2022-11-18 18:28:50,18.6853,12.9164,73.35,17,68,3.91
434,Mondeville,FR,2022-11-18 18:28:51,49.175,-0.3224,52.75,87,0,9.22
435,Kapuskasing,CA,2022-11-18 18:28:51,49.4169,-82.4331,19.49,73,100,8.05
436,Manokwari,ID,2022-11-18 18:28:51,-0.8667,134.0833,78.58,83,100,2.39
437,Whitianga,NZ,2022-11-18 18:28:52,-36.8333,175.7,59.34,89,16,9.69
438,Inverness,GB,2022-11-18 18:28:52,57.4791,-4.224,49.98,89,75,16.11
439,Bandarbeyla,SO,2022-11-18 18:28:53,9.4942,50.8122,80.13,79,2,18.61
440,Sanmenxia,CN,2022-11-18 18:28:53,34.7747,111.1814,53.89,71,99,1.68
441,Brandon,US,2022-11-18 18:27:48,27.9378,-82.2859,68.32,57,0,11.5
442,Cayenne,GF,2022-11-18 18:26:08,4.9333,-52.3333,89.64,58,20,11.5
443,Kovernino,RU,2022-11-18 18:28:54,57.1253,43.8142,25.72,82,100,16.35
444,Rio Gallegos,AR,2022-11-18 18:28:54,-51.6226,-69.2181,68.05,15,75,18.41
445,Springbok,ZA,2022-11-18 18:28:54,-29.6643,17.8865,57.78,48,98,9.4
446,Necochea,AR,2022-11-18 18:25:21,-38.5473,-58.7368,75.61,54,94,9.71
447,Ergani,TR,2022-11-18 18:28:55,38.2653,39.7621,49.03,86,100,0.85
448,Kaya,BF,2022-11-18 18:28:55,13.0917,-1.0844,82.71,19,71,5.61
449,Belmonte,BR,2022-11-18 18:28:56,-15.8631,-38.8828,73.51,93,100,7.9
450,Mersing,MY,2022-11-18 18:28:56,2.4312,103.8405,78.71,94,40,5.75
451,Teknaf,BD,2022-11-18 18:28:56,20.8624,92.3058,72.37,64,88,7.11
452,Barcelos,PT,2022-11-18 18:28:57,41.5388,-8.6151,53.85,82,31,6.2
453,Chernyshevskiy,RU,2022-11-18 18:28:57,63.0128,112.4714,-9.99,98,100,8.43
454,Yablonovo,RU,2022-11-18 18:28:57,50.8523,37.3574,12.24,96,12,3.04
455,Aquiraz,BR,2022-11-18 18:28:58,-3.9014,-38.3911,90.45,60,50,12.39
456,Naze,JP,2022-11-18 18:28:58,28.3667,129.4833,70.72,89,67,9.95
457,Dingle,PH,2022-11-18 18:29:58,10.9995,122.6711,75.49,93,100,9.13
458,Nelidovo,RU,2022-11-18 18:29:59,56.2211,32.7774,20.89,88,87,3.44
459,Dhidhdhoo,MV,2022-11-18 18:29:59,6.8833,73.1,82.06,71,84,5.53
460,Marzuq,YE,2022-11-18 18:29:59,14.4,46.4667,65.79,48,40,1.39
461,Aklavik,CA,2022-11-18 18:30:00,68.2191,-135.0107,14.0,85,75,0.0
462,Bonthe,SL,2022-11-18 18:30:00,7.5264,-12.505,81.61,73,23,8.37
463,Ixtapa,MX,2022-11-18 18:30:01,20.7,-105.2,78.03,65,0,10.36
464,Marystown,CA,2022-11-18 18:30:01,47.1666,-55.1483,38.55,63,97,25.32
465,Tessalit,ML,2022-11-18 18:30:02,20.1986,1.0114,74.41,12,10,9.19
466,Talnakh,RU,2022-11-18 18:30:02,69.4865,88.3972,7.21,93,100,20.6
467,Fujin,CN,2022-11-18 18:30:03,47.26,132.0322,22.39,91,17,3.76
468,Coihaique,CL,2022-11-18 18:30:03,-45.5752,-72.0662,61.41,41,20,10.36
469,Bradford,GB,2022-11-18 18:29:17,53.7939,-1.7521,48.61,91,40,11.5
470,Itaituba,BR,2022-11-18 18:30:04,-4.2761,-55.9836,87.96,74,20,5.75
471,Carutapera,BR,2022-11-18 18:30:05,-1.195,-46.02,83.48,66,93,8.97
472,Isla Vista,US,2022-11-18 18:30:05,34.4133,-119.861,72.3,48,4,1.01
473,Lasa,IT,2022-11-18 18:30:06,46.6166,10.7002,43.68,93,40,5.75
474,Uvat,RU,2022-11-18 18:30:06,59.1433,68.8953,3.9,93,100,9.42
475,Shimoda,JP,2022-11-18 18:30:07,34.6667,138.95,53.1,62,0,7.02
476,Jalu,LY,2022-11-18 18:30:07,29.0331,21.5482,70.9,22,0,10.4
477,Salinas,US,2022-11-18 18:27:54,36.6777,-121.6555,61.0,67,0,5.75
478,Minab,IR,2022-11-18 18:30:08,27.1467,57.0801,78.01,71,100,4.63
479,Palmeira,BR,2022-11-18 18:30:08,-25.4294,-50.0064,74.62,41,0,8.57
480,Morros,BR,2022-11-18 18:30:09,-9.4467,-46.3003,83.89,55,51,9.64
481,Wana,PK,2022-11-18 18:30:09,32.2989,69.5725,52.7,40,74,0.81
482,Suriapet,IN,2022-11-18 18:30:10,17.15,79.6167,66.2,62,100,3.67
483,Bima,ID,2022-11-18 18:30:10,-8.4667,118.7167,76.32,94,100,4.16
484,Nemuro,JP,2022-11-18 18:30:11,43.3236,145.575,40.84,63,100,8.57
485,Fort Nelson,CA,2022-11-18 18:30:11,58.8053,-122.7002,-0.81,85,20,3.44
486,Birin,NP,2022-11-18 18:30:11,26.8865,88.0718,50.32,78,0,5.28
487,Pochutla,MX,2022-11-18 18:27:13,15.7432,-96.4661,88.83,59,17,5.86
488,Boende,CD,2022-11-18 18:30:12,-0.2167,20.8667,70.72,92,100,1.63
489,Zhoucheng,CN,2022-11-18 18:30:12,35.9122,116.3117,51.85,80,100,1.9
490,Dakar,SN,2022-11-18 18:30:13,14.6937,-17.4441,88.68,48,0,0.0
491,Vila Velha,BR,2022-11-18 18:30:06,-20.3297,-40.2925,78.75,68,20,21.85
492,Kununurra,AU,2022-11-18 18:30:13,-15.7667,128.7333,80.58,83,98,2.3
493,Peniche,PT,2022-11-18 18:28:55,39.3558,-9.3811,59.56,79,33,22.24
494,La Ciotat,FR,2022-11-18 18:30:14,43.1748,5.6045,57.07,54,100,21.7
495,Jiuquan,CN,2022-11-18 18:30:14,39.7432,98.5174,31.55,33,52,3.38
496,North Bend,US,2022-11-18 18:30:15,43.4065,-124.2243,49.15,49,0,14.97
497,Batagay-Alyta,RU,2022-11-18 18:30:15,67.8006,130.4114,-18.89,94,100,4.85
498,Menongue,AO,2022-11-18 18:30:15,-14.6585,17.691,77.7,37,100,4.41
499,Camacupa,AO,2022-11-18 18:30:16,-12.0167,17.4833,63.19,90,100,5.86
500,Pandhana,IN,2022-11-18 18:30:16,21.7,76.2167,62.31,43,1,4.41
501,Te Anau,NZ,2022-11-18 18:30:17,-45.4167,167.7167,54.61,90,100,1.19
502,Riachao Das Neves,BR,2022-11-18 18:30:17,-11.7461,-44.91,78.33,76,91,4.38
503,Redlands,US,2022-11-18 18:26:13,34.0556,-117.1825,69.93,24,3,1.7
504,Sesheke,ZM,2022-11-18 18:31:18,-17.4759,24.2968,87.89,23,65,10.65
505,Superior,US,2022-11-18 18:31:18,46.7208,-92.1041,23.95,63,100,19.57
506,Dalbandin,PK,2022-11-18 18:31:18,28.8947,64.4101,66.96,25,100,1.3
507,Cutro,IT,2022-11-18 18:31:19,39.0353,16.9819,65.66,82,20,14.97
508,Udachnyy,RU,2022-11-18 18:31:19,66.4167,112.4,-6.56,83,100,9.75
509,Hammerfest,NO,2022-11-18 18:31:19,70.6634,23.6821,34.25,64,0,4.61
510,Coquimbo,CL,2022-11-18 18:31:20,-29.9533,-71.3436,64.13,77,75,12.66
511,Moose Factory,CA,2022-11-18 18:31:20,51.2585,-80.6094,21.2,73,100,12.66
512,Tarbert,GB,2022-11-18 18:31:21,55.8628,-5.4162,47.5,89,100,15.35
513,Koslan,RU,2022-11-18 18:31:21,63.4564,48.8989,15.33,95,19,5.48
514,Taltal,CL,2022-11-18 18:31:21,-25.4,-70.4833,65.59,75,45,5.17
515,Charters Towers,AU,2022-11-18 18:31:22,-20.1,146.2667,71.89,94,32,7.23
516,Rafaela,AR,2022-11-18 18:31:22,-31.2503,-61.4867,97.0,21,0,13.4
517,Urdoma,RU,2022-11-18 18:31:23,61.7533,48.5442,14.16,97,79,4.83
518,Krasnoselkup,RU,2022-11-18 18:31:23,65.7,82.4667,12.04,93,100,23.76
519,Izhma,RU,2022-11-18 18:31:24,65.0083,53.9113,2.62,99,96,2.08
520,Lima,PE,2022-11-18 18:29:29,-12.0432,-77.0282,66.45,68,40,6.91
521,Parauna,BR,2022-11-18 18:31:24,-16.9478,-50.4486,94.51,22,83,7.72
522,Mangrol,IN,2022-11-18 18:31:24,21.1167,70.1167,75.72,45,0,3.42
523,Oyama,JP,2022-11-18 18:31:25,36.3,139.8,54.59,55,28,3.24
524,Antofagasta,CL,2022-11-18 18:30:39,-23.65,-70.4,67.28,65,1,8.01
525,Baghmara,IN,2022-11-18 18:31:25,23.795,86.2085,61.66,46,0,6.4
526,Majengo,TZ,2022-11-18 18:31:26,-5.15,38.9833,73.83,93,52,3.29
527,Tyup,KG,2022-11-18 18:31:26,42.7276,78.3648,31.24,59,100,3.62
528,Chipinge,ZW,2022-11-18 18:31:27,-20.1883,32.6236,64.85,61,0,5.21
529,Arbroath,GB,2022-11-18 18:31:27,56.5632,-2.5874,48.25,89,99,16.8
530,Pervomayskoye,RU,2022-11-18 18:31:27,43.919,46.7102,49.03,93,92,3.96
531,Tarauaca,BR,2022-11-18 18:31:28,-8.1614,-70.7656,84.06,74,100,2.95
532,Eldorado,BR,2022-11-18 18:31:28,-23.7869,-54.2836,79.3,38,0,6.51
533,Georgiyevskoye,RU,2022-11-18 18:31:29,58.731,45.024,21.54,58,0,10.94
534,Maragogi,BR,2022-11-18 18:31:29,-9.0122,-35.2225,80.35,70,6,11.97
535,Opuwo,NA,2022-11-18 18:31:30,-18.0607,13.84,75.06,45,35,13.18
536,Puerto Escondido,MX,2022-11-18 18:31:30,15.85,-97.0667,86.83,58,0,5.75
537,Walvis Bay,NA,2022-11-18 18:31:30,-22.9575,14.5053,67.15,59,100,5.75
538,Port Lincoln,AU,2022-11-18 18:30:23,-34.7333,135.8667,62.51,95,31,7.56
539,Abu Kamal,SY,2022-11-18 18:31:31,34.4506,40.9171,64.02,51,0,8.61
540,Bac Lieu,VN,2022-11-18 18:31:31,9.285,105.7244,77.67,85,100,15.14
541,Amga,RU,2022-11-18 18:31:32,60.8953,131.9608,-1.32,99,100,2.21
542,Payson,US,2022-11-18 18:31:32,40.0444,-111.7321,33.82,74,40,3.44
543,Riyadh,SA,2022-11-18 18:31:32,24.6877,46.7219,75.34,59,100,10.25
544,Nantucket,US,2022-11-18 18:29:10,41.2835,-70.0995,46.54,63,79,24.74
545,Padang,ID,2022-11-18 18:31:33,-0.9492,100.3543,75.25,89,100,3.29
546,Teya,RU,2022-11-18 18:31:33,60.3778,92.6267,1.06,87,100,9.82
547,Porto Walter,BR,2022-11-18 18:31:34,-8.2686,-72.7439,90.43,48,100,1.43
548,Satipo,PE,2022-11-18 18:31:34,-11.2522,-74.6386,97.86,25,89,0.6
549,Margate,GB,2022-11-18 18:31:35,51.3813,1.3862,50.11,81,15,1.01
550,Saint Stephen,GB,2022-11-18 18:31:35,50.3333,-4.9,46.67,71,40,14.97
551,Annan,GB,2022-11-18 18:31:35,54.9884,-3.2565,48.97,84,100,10.89
552,Vila Franca Do Campo,PT,2022-11-18 18:32:36,37.7167,-25.4333,63.19,68,96,2.68
553,Chokwe,MZ,2022-11-18 18:32:36,-24.5333,32.9833,88.56,38,100,1.48
554,Bereda,ES,2022-11-18 18:32:37,43.2686,-7.5406,45.41,100,93,2.71
555,Bartica,GY,2022-11-18 18:32:37,6.4,-58.6167,84.49,67,100,4.16
556,Takoradi,GH,2022-11-18 18:32:37,4.8845,-1.7554,79.29,80,4,8.05
557,Kamphaeng Phet,TH,2022-11-18 18:32:38,16.25,99.5,73.35,91,100,3.42
558,Smithers,CA,2022-11-18 18:32:38,54.7804,-127.1743,8.92,85,0,6.91
559,Imbituba,BR,2022-11-18 18:32:38,-28.24,-48.6703,72.73,58,4,10.49
